"Frau";"Abderhalden";"Elise";"Naeppis";"9630";"Wattwil";"071 988 47 41";
"Frau";"Abderhalden";"Martha";"APH Risi";"9630";"Wattwil";"071 987 53 32";
"Frau";"Abderhalden";"Martha ";"Bueelstr. 10";"9630";"Wattwil";"071  987 53 32";
"Herr";"Aerne";"Jakob";"Ob.Berglistr. 6";"9630";"Wattwil";;
"Frau";"Aeschlimann";"Doris";"Ebnater Str. 195";"9631";"Ulisbach";"071 988 34 40";
"Herr";"Brunner";"Walter";"Tobel";"9608";"Ganterschwil";;"071 983 27 78"
"Frau";"Brunner";"Emmi";"Tobel";"9608";"Ganterschwil";;
"Herr";"Brunner";"Andreas";"Tobel";"9608";"Ganterschwil";;
"Frau";"Maag";"Aline";"Ackersteinstrasse 70";"8049";"Zuerich";;
"Frau ";"De Giuseppe";"Norma";"Ackersteinstrasse 70";"8049";"Zuerich";"043 311 53 33";
"Mr";"Horton";"F. ";"Route du Grand Mont";"1052";"Le Mont s/L";;
"Mme";"Horton";"A. ";"Route de Grand Mont";"1052";"Le Mont s/L";;
"Familie";"Huber";"Daniel u. Barbara";"Rueteli Kengelbach";"9615";"Dietfurt";;"071 983 31 26"
"Frau";"Huber";"Esther";"Rueberbaumstr. 36 Ottoberg";"8560";"Maerstetten";;
"Herrn";"Huber";"Hansueli";"Eichhofstr. 7";"9630";"Wattwil";"071 374 15 55";
"Familie";"Huber";"Hansueli und Margrit";"Eichhofstr. 7";"9630";"Wattwil";;"071 374 15 55"
"Frau";"Kaegi";"Anni";"Volkshausstr. 32";"9630";"Wattwil";"01 988 21 65";
"Frau";"Knutti";"Hanni";"Eichwies";"8634";"Hombrechtikon";"055 244 12 79";
"Frau";"Kunz";"Damaris";"Hugobuehlstr. 10";"9472";"Grabs";"081 771 12 84";
"Herr u. Frau";"Kunz";"Frieder ";"Gruenaustr. 20";"9630";"Wattwil";;"071 988 35 74"
"Herr u. Frau";"Kunz";"Ursula";"Gruenaustr. 20";"9630";"Wattwil";;"071 988 35 74"
"Herr";"Kunz";"Haennes";"Hochwachtstrasse 10";"9000";"St. Gallen";;
"Herr";"Kunz";"Matthias";"Groffeldstr. 25b";"9470";"Buchs";;
"Michelle +";"Kunz";"Olivier";"Jaegerweg 2";"9472";"Grabs";;
"Frau";"Kunz";"Ursula";"Gruenaustr. 20";"9630";"Wattwil";"071 988 35 74";
"Herr";"Kunz-Annoff";"Stefano";"Uitikonerstrasse 33a";"8952";"Schlieren";"043 433 80 08";"079 6100 883  Mob"
"Familie";"Kunz-Annoff";"Brigitta";"Uitikonerstrasse 33a";"8952";"Schlieren";;
"Herr und Frau ";"Kunz-Boesch";"Urs und Esther";"Hugobuehlstrasse 10";"9472";"Grabs";;
"Herr u. Frau";"Kunz-Michel";"Christian u. Mirjam";"Hoehenweg 17";"3097";"Liebefeld BE";;"031 972 0820"
"Herr u. Frau";"Kunz-Moor";"Jakob u. Erika";"Jaegerweg 2";"9472";"Grabs";;"081 771 31 61"
"Herr und Frau";"Rolli";"Werner u. Hanni";"Wenkenruetistr. 10";"9630";"Wattwil";;"071 377 23 83"
"Frau";"Rolli ";"Hanni";"Wenkenruetistr. 10";"9630";"Wattwil";"071 377 23 83";
"Herr";"Rolli ";"Werner";"Wenkenruetistr. 10";"9630";"Wattwil";"071 377 23 83";
"Herr u. Frau";"Rolli ";"Werner u. Hanni";"Wenkenruetistr. 10";"9630";"Wattwil";;"071 377 23 83"
"Frau";"Roos";"Lidija";"Ackersteinstr. 70";"8049";"Zuerich";;
"Herr u. Frau";"Roth-Jost";"Hans u. Ruth";"Ziegelhuettenstr. 1";"9620";"Lichtensteig";;"071 988 14 90"
"Frau ";"Roth-Jost";"Ruth ";"Ziegelhuettenstr. 1";"9620";"Lichtensteig";;
"Frau";"Schneider";" Elvira";"Kronenwies 9";"9630";"Wattwil";"071 377 10 81";
"Herr";"Schneider";"Werner";"Kronenwies 9";"9630";"Wattwil";"071 377 10 81";
"Herr u. Frau";"Schneider";"Werner u. Elvira";"Kronenwies 9";"9630";"Wattwil";;"071 377 10 81"
"Herr";"Seemann";"Ernst";"Kirchenrain 6";"9630";"Wattwil";"071 988 25 28";
"Herr u. Frau";"Seemann";"Ernst u. Rosmarie";"Kirchenrain 6";"9630";"Wattwil";"071 988 25 28";
"Frau";"Seemann";"Rosmarie";"Kirchenrain 6";"9630";"Wattwil";"071 988 25 28";
"Frau";"Serwart";"Marie-Louise";"Zuercherstr. 29";"8730";"Uznach";"055 290 22 84";
"Herr u. Frau";"Serwart";"P. u. M.";"Zuercherstr. 29";"8730";"Uznach";"055 290 22 84";
"Herr";"Serwart";"Paul";"Zuercherstr. 29";"8730";"Uznach";"055 290 22 84";
"Familie";"Zimmermann";"David";"Brunnenstr. 9";"9643";"Krummenau";;
"Familie";"Zimmermann";"David u. Vreni";"Brunnenstr. 9";"9643";"Krummenau";;"071 994 20 66"
"Frau";"Zulauf";"J. ";"Gugelrebenstr. 7";"8912";"Obfelden";;
"Herr";"Zulauf";"Jean";"Gugelrebenstr. 7";"8912";"Obfelden";;
"Frau";"Kunz";"Mirjam";"Hugobuehlstr. 10";"9472";"Grabs";"081 771 12 84";
"Herr";"Kunz";"Urs";"Hugobuehlstr. 10";"9472";"Grabs";"081 771 12 84";
"Herr";"Kunz";"Samuel";"Hugobuehlstr. 10";"9472";"Grabs";"081 771 12 84";
"Herr";"Knutti";"Fredy";"Eichwies";"8634";"Hombrechtikon";"055 244 12 79";
