1;"Naeppis";"9630";"Wattwil"
2;"APH Risi";"9630";"Wattwil"
3;"Bueelstr. 10";"9630";"Wattwil"
4;"Ob.Berglistr. 6";"9630";"Wattwil"
5;"Ebnater Str. 195";"9631";"Ulisbach"
8;"Tobel";"9608";"Ganterschwil"
10;"Ackersteinstrasse 70";"8049";"Zuerich"
11;"Route du Grand Mont";"1052";"Le Mont s/L"
12;"Route de Grand Mont";"1052";"Le Mont s/L"
13;"Rueteli Kengelbach";"9615";"Dietfurt"
14;"Rueberbaumstr. 36 Ottoberg";"8560";"Maerstetten"
16;"Eichhofstr. 7";"9630";"Wattwil"
17;"Volkshausstr. 32";"9630";"Wattwil"
22;"Hochwachtstrasse 10";"9000";"St. Gallen"
23;"Groffeldstr. 25b";"9470";"Buchs"
25;"Gruenaustr. 20";"9630";"Wattwil"
27;"Uitikonerstrasse 33a";"8952";"Schlieren"
28;"Hugobuehlstrasse 10";"9472";"Grabs"
29;"Hoehenweg 17";"3097";"Liebefeld BE"
30;"Jaegerweg 2";"9472";"Grabs"
34;"Wenkenruetistr. 10";"9630";"Wattwil"
35;"Ackersteinstr. 70";"8049";"Zuerich"
37;"Ziegelhuettenstr. 1";"9620";"Lichtensteig"
40;"Kronenwies 9";"9630";"Wattwil"
43;"Kirchenrain 6";"9630";"Wattwil"
46;"Zuercherstr. 29";"8730";"Uznach"
48;"Brunnenstr. 9";"9643";"Krummenau"
50;"Gugelrebenstr. 7";"8912";"Obfelden"
53;"Hugobuehlstr. 10";"9472";"Grabs"
54;"Eichwies";"8634";"Hombrechtikon"
