1;"Algorithmen in C++";"3-89319-462-2";89.9;"Prof";"Kunz";"Hans";"Waldweg 12";8636;"Wald ZH"
2;"Spreadsheets: Tabellenkalkulation für Naturwissenschaftler";"3-528-05256-2";11.1;"Prof";"Kunz";"Hans";"Waldweg 12";8636;"Wald ZH"
3;"C und Assembler in der Systemprogrammierung";"3-8023-0371-7";69;"Prof";"Kunz";"Hans";"Waldweg 12";8636;"Wald ZH"
4;"LATEX. Kompaktfuehrer";"3-89319-152-6";42.9;"Prof";"Kunz";"Hans";"Waldweg 12";8636;"Wald ZH"
5;"Windows for Workgroups";"3-87791-582-5";19.95;"Prof";"Kunz";"Hans";"Waldweg 12";8636;"Wald ZH"
6;"DOS-Software";"3-8023-1174-4";33.3;"Prof";"Kunz";"Hans";"Waldweg 12";8636;"Wald ZH"
7;"Objektorientierte Datenbanken : Konzepte, Modelle, Systeme";"3-89319-315-4";79.9;"Prof";"Kunz";"Hans";"Waldweg 12";8636;"Wald ZH"
8;"Learnig GNU Emacs: (UNIX text processing)";"0-937175-84-6";120;"Prof";"Kunz";"Hans";"Waldweg 12";8636;"Wald ZH"
9;"WordPerfect fuer Windows";"3-7785-2139-X";39.95;"Prof";"Kunz";"Hans";"Waldweg 12";8636;"Wald ZH"
10;"Das grosse Buch zu SQLite";"3-89011-687-6";69;"Prof";"Kunz";"Hans";"Waldweg 12";8636;"Wald ZH"
11;"Lokale Netze - PC-Netzwere: moderne Datenkommunikation dargestellt am Beispiel von PC-Netzwerken";"3-446-15935-5";25.25;"Prof";"Kunz";"Hans";"Waldweg 12";8636;"Wald ZH"
12;"Einfuehrung in die Programmierung";"3-7281-1793-5";22.2;"Prof";"Kunz";"Hans";"Waldweg 12";8636;"Wald ZH"
13;"Programming in Mathematica";"0-201-54877-1";72.35;"Prof";"Kunz";"Hans";"Waldweg 12";8636;"Wald ZH"
14;"Objektorientierte Datenbanken : Konzepte, Modelle, Systeme";"3-89319-315-4";79.9;"";"Meier";"Peter";"Bachweg 1";8636;"Wald ZH"
15;"Objektorientierte Datenbanken : Konzepte, Modelle, Systeme";"3-89319-315-4";79.9;"";"Mueller";"Noemi";"Wiesenweg 4";8612;"Rueti"
16;"Objektorientierte Datenbanken : Konzepte, Modelle, Systeme";"3-89319-315-4";79.9;"";"Keller";"Andrin";"Feldweg 4";8612;"Rueti"
17;"Objektorientierte Datenbanken : Konzepte, Modelle, Systeme";"3-89319-315-4";79.9;"";"Knobel";"Stefan";"Moesliweg";8612;"Rueti"
18;"Objektorientierte Datenbanken : Konzepte, Modelle, Systeme";"3-89319-315-4";79.9;"";"Blatter";"Josephine";"Am Stutz 15";8612;"Rueti"
19;"Objektorientierte Datenbanken : Konzepte, Modelle, Systeme";"3-89319-315-4";79.9;"";"Studer";"Andrea";"Tobelweg 11";8612;"Rueti"
