1;"Abderhalden";"Elise";1
2;"Abderhalden";"Martha";2
4;"Aerne";"Jakob";4
5;"Aeschlimann";"Doris";5
6;"Brunner";"Walter";8
7;"Brunner";"Emmi";8
8;"Brunner";"Andreas";8
9;"Maag";"Aline";10
10;"De Giuseppe";"Norma";10
11;"Horton";"F. ";11
12;"Horton_Peter+Pan";"A. ";12
13;"Huber";"Daniel u. Barbara";13
14;"Huber";"Esther";14
15;"Huber";"Hansueli";16
16;"Huber";"Hansueli und Margrit";16
17;"Kaegi";"Anni";17
18;"Knutti";"Hanni";54
19;"Kunz";"Damaris";53
20;"Kunz";"Frieder ";25
21;"Kunz";"Ursula";25
22;"Kunz";"Haennes";22
23;"Kunz";"Matthias";23
24;"Kunz";"Olivier";30
25;"Kunz";"Ursula";25
26;"Kunz-Annoff";"Stefano";27
27;"Kunz-Annoff";"Brigitta";27
28;"Kunz-Boesch";"Urs und Esther";28
29;"Kunz-Michel";"Christian u. Mirjam";29
30;"Kunz-Moor";"Jakob u. Erika";30
31;"Rolli";"Werner u. Hanni";34
32;"Rolli ";"Hanni";34
33;"Rolli ";"Werner";34
34;"Rolli ";"Werner u. Hanni";34
35;"Roos";"Lidija";35
36;"Roth-Jost";"Hans u. Ruth";37
37;"Roth-Jost";"Ruth ";37
38;"Schneider";" Elvira";40
39;"Schneider";"Werner";40
40;"Schneider";"Werner u. Elvira";40
41;"Seemann";"Ernst";43
42;"Seemann";"Ernst u. Rosmarie";43
43;"Seemann";"Rosmarie";43
44;"Serwart";"Marie-Louise";46
45;"Serwart";"P. u. M.";46
46;"Serwart";"Paul";46
47;"Zimmermann";"David";48
48;"Zimmermann";"David u. Vreni";48
49;"Zulauf";"J. ";50
50;"Zulauf";"Jean";50
51;"Kunz";"Mirjam";53
52;"Kunz";"Urs";53
53;"Kunz";"Samuel";53
54;"Knutti";"Fredy";54
